Nome,CPF,Dia de pagamento,Data de nascimento
Josescreudo Testudo,46913609784,12/07/2023,17/04/1978
Roberto Carlos,45732689650,30/12/2023,29/02/1986
Maria dos Santo Carvalho,75398628401,23/01/2024,13/05/1987
Jos√© Ferreira Dos Santos,54638293041,21/11/2023,10/10/1960
Arnaldo Teixeira,54637281981,12/12/2023,31/04/1981
Michele Ferreira dos Santos,12345678909,21/12/2023,01/01/1951
Machado de Assis,39218704891,21/12/2024,20/01/2002
William Aftom,88888888888,12/12/2023,15/12/2000
Felipe Madeiros,67823475006,31/12/2023,23/07/1968
Miguel Carvalho,36274839123,02/02/2024,01/03/1965
